<?xml version="1.0" encoding="UTF-8"?><driver-entities>
<driver-entity>
<id>jdbcmysql5d1jre5</id>
<driver-class-name>com.mysql.jdbc.Driver</driver-class-name>
<display-name>mysql-connector-java-5.1.47</display-name>
<jre-version>5</jre-version>
<database-name>MySQL</database-name>
<database-versions>
<database-version>8.0</database-version>
<database-version>5.7</database-version>
<database-version>5.6</database-version>
<database-version>5.5</database-version>
<database-version>5.1</database-version>
<database-version>5.0</database-version>
<database-version>4.1</database-version>
</database-versions>
</driver-entity>
<driver-entity>
<id>jdbcoracle12cjre8</id>
<driver-class-name>oracle.jdbc.OracleDriver</driver-class-name>
<display-name>ojdbc8-12c</display-name>
<jre-version>8</jre-version>
<database-name>Oracle</database-name>
<database-versions>
<database-version>12c</database-version>
<database-version>11g</database-version>
</database-versions>
</driver-entity>
<driver-entity>
<id>jdbcpostgresql42d2jre6</id>
<driver-class-name>org.postgresql.Driver</driver-class-name>
<display-name>postgresql-42.2.5.jre6</display-name>
<jre-version>6</jre-version>
<database-name>PostgreSQL</database-name>
<database-versions>
<database-version>10.5</database-version>
<database-version>10.4</database-version>
<database-version>10.3</database-version>
<database-version>10.2</database-version>
<database-version>10.1</database-version>
<database-version>10.0</database-version>
<database-version>9.6</database-version>
<database-version>9.5</database-version>
<database-version>9.4</database-version>
<database-version>9.3</database-version>
<database-version>9.2</database-version>
<database-version>9.1</database-version>
<database-version>9.0</database-version>
<database-version>8.4</database-version>
<database-version>8.3</database-version>
<database-version>8.2</database-version>
</database-versions>
</driver-entity>
<driver-entity>
<id>jdbcsqlserver6d4jre7</id>
<driver-class-name>com.microsoft.sqlserver.jdbc.SQLServerDriver</driver-class-name>
<display-name>mssql-jdbc-6.4.0.jre7</display-name>
<jre-version>7</jre-version>
<database-name>SQL Server</database-name>
<database-versions>
<database-version>2017</database-version>
<database-version>2016</database-version>
<database-version>2014</database-version>
<database-version>2012</database-version>
<database-version>2008 R2</database-version>
<database-version>2008</database-version>
</database-versions>
</driver-entity>
</driver-entities>
